Box@Host,User
ceo@bofh.vip,
daemon@bofh.vip,
nobody@bofh.vip,
operator@bofh.vip,
pfy@bofh.vip,
phb@bofh.vip,
pop@bofh.vip,
root@bofh.vip,
toor@bofh.vip,
one@bravest.world,
chad@ccsys.com,
milios@ccsys.com,
zero@emptier.space,
hokage@entire.ninja,
jonin@entire.ninja,
naruto@entire.ninja,
francis@goon.store,
jake@goon.store,
mama@goon.store,
sloth@goon.store,
andy@goonies.pro,
brand@goonies.pro,
chunk@goonies.pro,
data@goonies.pro,
mikey@goonies.pro,
mouth@goonies.pro,
stef@goonies.pro,
connor@macleod.host,
korben@meatpopsicle.vip,
chad@nu.email,
chuck@nu.email,
jake@nu.email,
raven@nunu.foundation,
bofh@nuos.xyz,
giant@uglybagsofmostlywater.club,
willy@woneye.site,
